Threshold,Value,Accuracy,Precision,Recall,F1-score
Default 0.5,0.5,0.9954128440366973,0.990909090909091,1.0,0.9954337899543378
Best Threshold,0.9528424739837646,0.9954128440366973,0.990909090909091,1.0,0.9954337899543378
