Experiment,Threshold,Accuracy,Precision,Recall,F1-score
A - Default Threshold,0.5,0.9954128440366973,0.990909090909091,1.0,0.9954337899543378
B - Optimized Threshold,0.9528424739837646,0.9954128440366973,0.990909090909091,1.0,0.9954337899543378
