Metric,Value
Accuracy,0.9908256880733946
Precision,1.0
Recall,0.981651376146789
F1-score,0.9907407407407407
