class,brightness,contrast,pixel_range,dark_pixel_ratio,bright_pixel_ratio,edge_density
Closed,0.45257667317925715,0.44089821800038553,0.5904455393091756,0.33238669991821623,0.09575406789807434,0.26008151627986337
Open,0.4363683490895921,0.4747205312266105,0.6909633926679382,0.3642716000559573,0.09626331699943928,0.3726218684896371
