class,brightness,contrast,pixel_range,dark_pixel_ratio,bright_pixel_ratio,edge_density
Closed,107.58232818687586,34.88538702440292,168.81267217630855,0.33238669991821623,0.09509949907455234,0.06355996039944904
Open,104.02774695194128,37.28727961561218,189.72038567493112,0.3642716000559573,0.09560526698088843,0.09106310799758953
